Rank,Model,Accuracy,Precision,Recall,F1 Score,ROC-AUC,Cohen Kappa,MSE
1,KNN,0.7625838926174496,0.1626746506986028,0.9421965317919075,0.2774468085106383,0.9054030870415257,0.21246719936250813,0.23741610738255034
2,LogisticRegression,0.988255033557047,0.8700564971751412,0.8901734104046243,0.88,0.9822445003473643,0.8738261934644872,0.01174496644295302
3,DecisionTree,0.9658836689038032,0.6268656716417911,0.7283236994219653,0.6737967914438503,0.82922922480844,0.6559038014698575,0.03411633109619687
4,RandomForest,0.985178970917226,0.9918032786885246,0.6994219653179191,0.8203389830508474,0.9883917454677018,0.8128502984078332,0.01482102908277405
